{
  "n_samples": 418,
  "val_mse_norm": 0.5417195081814524,
  "val_pos_mse_px": 29627.023302385787,
  "rollout_pos_err_10": 150.82870761972802,
  "rollout_pos_err_20": 191.27409710991475,
  "architecture": [
    6,
    64,
    64,
    32,
    4
  ]
}