{
  "true": [
    [
      571.271423,
      140.166672
    ],
    [
      566.554626,
      140.499588
    ],
    [
      561.849609,
      140.998337
    ],
    [
      557.156372,
      141.662506
    ],
    [
      552.474854,
      142.491684
    ],
    [
      547.805054,
      143.485458
    ],
    [
      543.146912,
      144.643417
    ],
    [
      538.500427,
      145.965149
    ],
    [
      533.865601,
      147.450241
    ],
    [
      529.24231,
      149.098282
    ],
    [
      524.630615,
      150.908875
    ],
    [
      520.030457,
      152.881607
    ],
    [
      515.441772,
      155.016068
    ],
    [
      510.864563,
      157.311859
    ],
    [
      506.298798,
      159.768585
    ],
    [
      501.744446,
      162.385834
    ],
    [
      497.201477,
      165.163208
    ],
    [
      492.669861,
      168.100296
    ],
    [
      488.149597,
      171.196716
    ],
    [
      483.640625,
      174.452057
    ],
    [
      479.142914,
      177.865921
    ],
    [
      474.656464,
      181.437927
    ],
    [
      470.181213,
      185.167664
    ],
    [
      465.717163,
      189.054749
    ],
    [
      461.264282,
      193.098785
    ],
    [
      456.82251,
      197.299377
    ],
    [
      452.391846,
      201.656128
    ],
    [
      447.97226,
      206.168655
    ],
    [
      443.563721,
      210.836563
    ],
    [
      439.166199,
      215.65947
    ]
  ],
  "pred": [
    [
      594.2669058254023,
      199.76155205454597
    ],
    [
      575.2833998839074,
      224.3683334117021
    ],
    [
      549.6669291668363,
      238.38015932668367
    ],
    [
      521.3059022803254,
      245.90472650539408
    ],
    [
      491.269446341407,
      248.3078945614498
    ],
    [
      455.9825709055963,
      247.3760849431951
    ],
    [
      424.1264649793753,
      247.6296072198857
    ],
    [
      396.0002518362554,
      250.14884942817505
    ],
    [
      374.6266632523447,
      256.38009883663676
    ],
    [
      361.67125984364077,
      264.75745436738055
    ],
    [
      353.6577682101778,
      273.73666886645265
    ],
    [
      348.36878291856806,
      282.58480045153954
    ],
    [
      344.55787998959175,
      290.9664867348755
    ],
    [
      341.55105863536943,
      298.7362950503791
    ],
    [
      339.15513140924685,
      305.90785852792817
    ],
    [
      337.50210978905227,
      312.6459132418029
    ],
    [
      336.277977146911,
      318.8767993633609
    ],
    [
      335.31168224074815,
      324.5886718957182
    ],
    [
      334.5097865364331,
      329.79850715088594
    ],
    [
      333.7662675911176,
      334.49350838899875
    ],
    [
      333.1759820414644,
      338.5856948828563
    ],
    [
      332.6911648843222,
      342.14669930504283
    ],
    [
      332.2836085819452,
      345.24152801174495
    ],
    [
      331.936213248472,
      347.9291962293831
    ],
    [
      331.637738450656,
      350.26227156097923
    ],
    [
      331.3801546227928,
      352.2870426255679
    ],
    [
      331.1573158051593,
      354.0440064736207
    ],
    [
      330.9642786207884,
      355.56846460256975
    ],
    [
      330.79693749724134,
      356.8911262930355
    ],
    [
      330.6518163247148,
      358.0386748562719
    ]
  ],
  "steps": 30
}